id;name;start_time;end_time
1;aboard;2025-11-06T01:58:14;2025-11-06T02:33:52
2;harvest fictionalize;2025-11-05T22:26:56;2025-11-05T23:35:06
3;stint;2025-11-05T20:21:49;2025-11-06T03:07:41
4;thrifty shore;2025-11-06T02:57:35;2025-11-05T22:00:31
5;reword besides neatly;2025-11-05T20:38:20;2025-11-06T08:40:06
6;major dismal;2025-11-06T05:34:45;2025-11-06T10:47:50
7;recklessly;2025-11-06T09:11:47;2025-11-06T06:42:28
8;cycle;2025-11-05T18:16:50;2025-11-06T08:41:57
9;mummify;2025-11-06T01:11:57;2025-11-05T20:38:25
10;sneaky leap;2025-11-06T09:14:32;2025-11-06T07:37:06
